{
    "available_space": false,
    "id": "a1",
    "size_max": 44.46237850189209,
    "size_mean": 9.962760304149828,
    "size_min": 0.9832620620727539,
    "total_size": 1514.339566230774
}