{
    "available_space": true,
    "id": "a1",
    "size_max": 36.145339012145996,
    "size_mean": 9.819761770742911,
    "size_min": 0.9832620620727539,
    "total_size": 530.2671356201172
}